{
  "Author": "That one kid, Obvious",
  "Compatibility": "Compatible",
  "Contributors": { "Developer": [
    "That one kid",
    "Obvious"
  ] },
  "DefuserDifficulty": "Medium",
  "Description": "Submit a hertz signal to decode the message. Tags: transmit, leds, morse-like, tx",
  "ExpertDifficulty": "Medium",
  "ModuleID": "hertz",
  "Name": "Hertz",
  "Origin": "Mods",
  "Published": "2022-03-30",
  "SortKey": "HERTZ",
  "SourceUrl": "https://github.com/Kbushra/ktaneHertz",
  "SteamID": "2786921885",
  "Symbol": "Htz",
  "TutorialVideos": [ {
    "Language": "English",
    "Url": "https://www.youtube.com/watch?v=CQouAjYsKbs"
  } ],
  "Type": "Regular"
}